company,product,ref_id_expiry_date,reference_id,size,expiry_date,quantity
Boston Scientific,ELUVIA Drug-Eluting Vascular Stent System OTW (035),H74939294600410***10-09-2023,H74939294600410,6-40-130,10-09-2023,1
Boston Scientific,ELUVIA Drug-Eluting Vascular Stent System OTW (035),H74939294600610***11-05-2023,H74939294600610,6-60-130,11-05-2023,1
Boston Scientific,ELUVIA Drug-Eluting Vascular Stent System OTW (035),H74939294600810***11-05-2023,H74939294600810,6-80-130,11-05-2023,1
Boston Scientific,ELUVIA Drug-Eluting Vascular Stent System OTW (035),H74939294601010***08-19-2023,H74939294601010,6-100-130,08-19-2023,1
Boston Scientific,ELUVIA Drug-Eluting Vascular Stent System OTW (035),H74939294601210***09-21-2023,H74939294601210,6-120-130,09-21-2023,1
Boston Scientific,ELUVIA Drug-Eluting Vascular Stent System OTW (035),H74939294700410***09-21-2023,H74939294700410,7-40-130,09-21-2023,1
Boston Scientific,ELUVIA Drug-Eluting Vascular Stent System OTW (035),H74939294700610***11-05-2023,H74939294700610,7-60-130,11-05-2023,1
Boston Scientific,ELUVIA Drug-Eluting Vascular Stent System OTW (035),H74939294700810***08-06-2023,H74939294700810,7-80-130,08-06-2023,1
Boston Scientific,ELUVIA Drug-Eluting Vascular Stent System OTW (035),H74939294701010***11-12-2023,H74939294701010,7-100-130,11-12-2023,1
Boston Scientific,ELUVIA Drug-Eluting Vascular Stent System OTW (035),H74939294701210***09-21-2023,H74939294701210,7-120-130,09-21-2023,1
Boston Scientific,Ranger Paclitaxel-Coated PTA Balloon Catheter OTW 5F (018),H74939419400810***03-07-2024,H74939419400810,4-80-135,03-07-2024,1
Boston Scientific,Ranger Paclitaxel-Coated PTA Balloon Catheter OTW 5F (018),H74939419401210***08-09-2024,H74939419401210,4-120-150,08-09-2024,2
Boston Scientific,Ranger Paclitaxel-Coated PTA Balloon Catheter OTW 5F (018),H74939419401510***01-27-2024,H74939419401510,4-150-150,01-27-2024,1
Boston Scientific,Ranger Paclitaxel-Coated PTA Balloon Catheter OTW 5F (018),H74939419402010***01-10-2024,H74939419402010,4-200-150,01-10-2024,1
Boston Scientific,Ranger Paclitaxel-Coated PTA Balloon Catheter OTW 5F (018),H74939419500410***02-16-2024,H74939419500410,5-40-135,02-16-2024,1
Boston Scientific,Ranger Paclitaxel-Coated PTA Balloon Catheter OTW 5F (018),H74939419500610***01-04-2024,H74939419500610,5-60-135,01-04-2024,1
Boston Scientific,Ranger Paclitaxel-Coated PTA Balloon Catheter OTW 5F (018),H74939419500880***07-27-2023,H74939419500880,5-80-80,07-27-2023,1
Boston Scientific,Ranger Paclitaxel-Coated PTA Balloon Catheter OTW 5F (018),H74939419501080***01-27-2024,H74939419501080,5-100-80,01-27-2024,1
Boston Scientific,Ranger Paclitaxel-Coated PTA Balloon Catheter OTW 5F (018),H74939419501210***01-10-2024,H74939419501210,5-120-150,01-10-2024,1
Boston Scientific,Ranger Paclitaxel-Coated PTA Balloon Catheter OTW 5F (018),H74939419501510***01-10-2024,H74939419501510,5-150-150,01-10-2024,2
Boston Scientific,Ranger Paclitaxel-Coated PTA Balloon Catheter OTW 5F (018),H74939419600410***01-04-2024,H74939419600410,6-40-135,01-04-2024,1
Boston Scientific,Ranger Paclitaxel-Coated PTA Balloon Catheter OTW 5F (018),H74939419600810***02-25-2024,H74939419600810,6-80-135,02-25-2024,1
Boston Scientific,Ranger Paclitaxel-Coated PTA Balloon Catheter OTW 5F (018),H74939419601010***01-27-2024,H74939419601010,6-100-135,01-27-2024,1
Boston Scientific,Ranger Paclitaxel-Coated PTA Balloon Catheter OTW 5F (018),H74939419601210***02-10-2024,H74939419601210,6-120-150,02-10-2024,1
Boston Scientific,Ranger Paclitaxel-Coated PTA Balloon Catheter OTW 5F (018),H74939419601510***01-25-2024,H74939419601510,6-150-150,01-25-2024,1
Boston Scientific,Ranger Paclitaxel-Coated PTA Balloon Catheter OTW 5F (018),H74939419701510***06-24-2023,H74939419701510,7-150-150,06-24-2023,1
Boston Scientific,Ranger Paclitaxel-Coated PTA Balloon Catheter OTW 5F (018),H74939419701010***01-10-2024,H74939419701010,7-100-135,01-10-2024,2
Boston Scientific,Ranger Paclitaxel-Coated PTA Balloon Catheter OTW 5F (018),H74939419702010***08-10-2023,H74939419702010,7-200-150,08-10-2023,1
Boston Scientific,Coyote Monorail PTA Balloon Dilatation Catheter 4F (014),H74939185201010***11-14-2024,H74939185201010,2-100-150,11-14-2024,1
Boston Scientific,Coyote Monorail PTA Balloon Dilatation Catheter 4F (014),H74939185201510***01-18-2025,H74939185201510,2-150-150,01-18-2025,1
Boston Scientific,Coyote Monorail PTA Balloon Dilatation Catheter 4F (014),H74939185202210***01-19-2025,H74939185202210,2-220-150,01-19-2025,1
Boston Scientific,Coyote Monorail PTA Balloon Dilatation Catheter 4F (014),H74939185251010***02-10-2025,H74939185251010,2.5-100-150,02-10-2025,1
Boston Scientific,Coyote Monorail PTA Balloon Dilatation Catheter 4F (014),H74939185251510***09-26-2024,H74939185251510,2.5-150-150,09-26-2024,1
Boston Scientific,Coyote Monorail PTA Balloon Dilatation Catheter 4F (014),H74939185252210***03-13-2025,H74939185252210,2.5-220-150,03-13-2025,1
Boston Scientific,Coyote Monorail PTA Balloon Dilatation Catheter 4F (014),H74939185301010***10-05-2024,H74939185301010,3-100-150,10-05-2024,1
Boston Scientific,Coyote Monorail PTA Balloon Dilatation Catheter 4F (014),H74939185301510***01-30-2025,H74939185301510,3-150-150,01-30-2025,1
Boston Scientific,Coyote Monorail PTA Balloon Dilatation Catheter 4F (014),H74939185302210***12-21-2024,H74939185302210,3-220-150,12-21-2024,1
Boston Scientific,Coyote Monorail PTA Balloon Dilatation Catheter 4F (014),H74939185351010***08-05-2024,H74939185351010,3.5-100-150,08-05-2024,1
Boston Scientific,Coyote Monorail PTA Balloon Dilatation Catheter 4F (014),H74939185351510***08-26-2024,H74939185351510,3.5-150-150,08-26-2024,1
Boston Scientific,Coyote Monorail PTA Balloon Dilatation Catheter 4F (014),H74939185352210***01-05-2025,H74939185352210,3.5-220-150,01-05-2025,1
Boston Scientific,Coyote Monorail PTA Balloon Dilatation Catheter 4F (014),H74939185401010***10-11-2024,H74939185401010,4-100-150,10-11-2024,1
Boston Scientific,Coyote Monorail PTA Balloon Dilatation Catheter 4F (014),H74939185401510***01-19-2025,H74939185401510,4-150-150,01-19-2025,1
Boston Scientific,Coyote Monorail PTA Balloon Dilatation Catheter 4F (014),H74939185402210***01-19-2025,H74939185402210,4-220-150,01-19-2025,1
Boston Scientific,Charger PTA Balloon Dilatation Catheter (035),H74939206040410***08-10-2024,H74939206040410,4-40-135,08-10-2024,1
Boston Scientific,Charger PTA Balloon Dilatation Catheter (035),H74939206040610***07-01-2024,H74939206040610,4-60-135,07-01-2024,1
Boston Scientific,Charger PTA Balloon Dilatation Catheter (035),H74939206040810***06-28-2024,H74939206040810,4-80-135,06-28-2024,1
Boston Scientific,Charger PTA Balloon Dilatation Catheter (035),H74939206041010***06-21-2024,H74939206041010,4-100-135,06-21-2024,1
Boston Scientific,Charger PTA Balloon Dilatation Catheter (035),H74939206041510***08-11-2024,H74939206041510,4-150-135,08-11-2024,1
Boston Scientific,Charger PTA Balloon Dilatation Catheter (035),H74939206042010***07-01-2024,H74939206042010,4-200-135,07-01-2024,1
Boston Scientific,Charger PTA Balloon Dilatation Catheter (035),H74939206050410***08-04-2024,H74939206050410,5-40-135,08-04-2024,1
Boston Scientific,Charger PTA Balloon Dilatation Catheter (035),H74939206050610***08-16-2024,H74939206050610,5-60-135,08-16-2024,1
Boston Scientific,Charger PTA Balloon Dilatation Catheter (035),H74939206050810***11-28-2024,H74939206050810,5-80-135,11-28-2024,1
Boston Scientific,Charger PTA Balloon Dilatation Catheter (035),H74939206051010***06-08-2024,H74939206051010,5-100-135,06-08-2024,1
Boston Scientific,Charger PTA Balloon Dilatation Catheter (035),H74939206051510***06-23-2024,H74939206051510,5-150-135,06-23-2024,1
Boston Scientific,Charger PTA Balloon Dilatation Catheter (035),H74939206052010***08-11-2024,H74939206052010,5-200-135,08-11-2024,1
Boston Scientific,Charger PTA Balloon Dilatation Catheter (035),H74939206060410***08-10-2024,H74939206060410,6-40-135,08-10-2024,1
Boston Scientific,Charger PTA Balloon Dilatation Catheter (035),H74939206060610***12-15-2024,H74939206060610,6-60-135,12-15-2024,1
Boston Scientific,Charger PTA Balloon Dilatation Catheter (035),H74939206060810***08-10-2024,H74939206060810,6-80-135,08-10-2024,1
Boston Scientific,Charger PTA Balloon Dilatation Catheter (035),H74939206061010***07-05-2024,H74939206061010,6-100-135,07-05-2024,1
Boston Scientific,Charger PTA Balloon Dilatation Catheter (035),H74939206061510***08-10-2024,H74939206061510,6-150-135,08-10-2024,1
Boston Scientific,Charger PTA Balloon Dilatation Catheter (035),H74939206062010***07-20-2024,H74939206062010,6-200-135,07-20-2024,1
Boston Scientific,Charger PTA Balloon Dilatation Catheter (035),H74939206070410***06-16-2024,H74939206070410,7-40-135,06-16-2024,1
Boston Scientific,Charger PTA Balloon Dilatation Catheter (035),H74939206070610***10-31-2024,H74939206070610,7-60-135,10-31-2024,1
Boston Scientific,Charger PTA Balloon Dilatation Catheter (035),H74939206070810***08-18-2024,H74939206070810,7-80-135,08-18-2024,1
Boston Scientific,Charger PTA Balloon Dilatation Catheter (035),H74939206071010***08-24-2024,H74939206071010,7-100-135,08-24-2024,1
Boston Scientific,Charger PTA Balloon Dilatation Catheter (035),H74939206071510***09-13-2024,H74939206071510,7-150-135,09-13-2024,1
Boston Scientific,Charger PTA Balloon Dilatation Catheter (035),H74939206072010***08-24-2024,H74939206072010,7-200-135,08-24-2024,1
Boston Scientific,Charger PTA Balloon Dilatation Catheter (035),H74939206050470***08-17-2024,H74939206050470,5-40-75,08-17-2024,1
Boston Scientific,Charger PTA Balloon Dilatation Catheter (035),H74939206060470***07-07-2024,H74939206060470,6-40-75,07-07-2024,1
Boston Scientific,Charger PTA Balloon Dilatation Catheter (035),H74939206070470***07-20-2024,H74939206070470,7-40-75,07-20-2024,1
Boston Scientific,Charger PTA Balloon Dilatation Catheter (035),H74939206080470***08-22-2024,H74939206080470,8-40-75,08-22-2024,1
Boston Scientific,Charger PTA Balloon Dilatation Catheter (035),H74939206090470***08-05-2024,H74939206090470,9-40-75,08-05-2024,1
Boston Scientific,Charger PTA Balloon Dilatation Catheter (035),H74939206100470***08-12-2024,H74939206100470,10-40-75,08-12-2024,1
Boston Scientific,Sterling SL (Monorail) PTA Balloon Dilatation Catheter 4F (018),H74939147208010***01-11-2024,H74939147208010,2-80-150,01-11-2024,1
Boston Scientific,Sterling SL (Monorail) PTA Balloon Dilatation Catheter 4F (018),H74939147201010***02-03-2024,H74939147201010,2-100-150,02-03-2024,1
Boston Scientific,Sterling SL (Monorail) PTA Balloon Dilatation Catheter 4F (018),H74939147201510***02-03-2024,H74939147201510,2-150-150,02-03-2024,1
Boston Scientific,Sterling SL (Monorail) PTA Balloon Dilatation Catheter 4F (018),H74939147258010***03-30-2024,H74939147258010,2.5-80-150,03-30-2024,1
Boston Scientific,Sterling SL (Monorail) PTA Balloon Dilatation Catheter 4F (018),H74939147251010***04-03-2024,H74939147251010,2.5-100-150,04-03-2024,1
Boston Scientific,Sterling SL (Monorail) PTA Balloon Dilatation Catheter 4F (018),H74939147251510***02-03-2024,H74939147251510,2.5-150-150,02-03-2024,1
Boston Scientific,Sterling SL (Monorail) PTA Balloon Dilatation Catheter 4F (018),H74939147308010***03-10-2024,H74939147308010,3-80-150,03-10-2024,1
Boston Scientific,Sterling SL (Monorail) PTA Balloon Dilatation Catheter 4F (018),H74939147301010***01-14-2024,H74939147301010,3-100-150,01-14-2024,1
Boston Scientific,Sterling SL (Monorail) PTA Balloon Dilatation Catheter 4F (018),H74939147301510***04-10-2024,H74939147301510,3-150-150,04-10-2024,1
Boston Scientific,Sterling SL (Monorail) PTA Balloon Dilatation Catheter 4F (018),H74939147358010***12-20-2023,H74939147358010,3.5-80-150,12-20-2023,1
Boston Scientific,Sterling SL (Monorail) PTA Balloon Dilatation Catheter 4F (018),H74939147351010***02-03-2024,H74939147351010,3.5-100-150,02-03-2024,1
Boston Scientific,Sterling SL (Monorail) PTA Balloon Dilatation Catheter 4F (018),H74939147351510***04-10-2024,H74939147351510,3.5-150-150,04-10-2024,1
Boston Scientific,Sterling (Monorail) PTA Balloon Dilatation Catheter 4F (018),H74939031204010***02-07-2025,H74939031204010,2-40-150,02-07-2025,1
Boston Scientific,Sterling (Monorail) PTA Balloon Dilatation Catheter 4F (018),H74939031206010***03-31-2025,H74939031206010,2-60-150,03-31-2025,1
Boston Scientific,Sterling (Monorail) PTA Balloon Dilatation Catheter 4F (018),H74939031254010***01-09-2025,H74939031254010,2.5-40-150,01-09-2025,1
Boston Scientific,Sterling (Monorail) PTA Balloon Dilatation Catheter 4F (018),H74939031256010***02-02-2025,H74939031256010,2.5-60-150,02-02-2025,1
Boston Scientific,Sterling (Monorail) PTA Balloon Dilatation Catheter 4F (018),H74939031404010***04-06-2025,H74939031404010,4-40-135,04-06-2025,1
Boston Scientific,Sterling (Monorail) PTA Balloon Dilatation Catheter 4F (018),H74939031406010***12-19-2024,H74939031406010,4-60-135,12-19-2024,1
Boston Scientific,Sterling SL (OTW) PTA Balloon Dilatation Catheter 4F (018),H74939148401510***02-15-2024,H74939148401510,4-150-150,02-15-2024,1
Boston Scientific,Sterling (OTW) PTA Balloon Dilatation Catheter 4F-5F-6F (018),H74939032202210***03-07-2025,H74939032202210,2-220-150,03-07-2025,1
Boston Scientific,Sterling (OTW) PTA Balloon Dilatation Catheter 4F-5F-6F (018),H74939032252210***03-03-2025,H74939032252210,2.5-220-150,03-03-2025,1
Boston Scientific,Sterling (OTW) PTA Balloon Dilatation Catheter 4F-5F-6F (018),H74939032300410***03-01-2025,H74939032300410,3-40-150,03-01-2025,1
Boston Scientific,Sterling (OTW) PTA Balloon Dilatation Catheter 4F-5F-6F (018),H74939032300610***02-28-2025,H74939032300610,3-60-150,02-28-2025,1
Boston Scientific,Sterling (OTW) PTA Balloon Dilatation Catheter 4F-5F-6F (018),H74939032302210***03-02-2025,H74939032302210,3-220-150,03-02-2025,1
Boston Scientific,Sterling (OTW) PTA Balloon Dilatation Catheter 4F-5F-6F (018),H74939032350510***03-01-2025,H74939032350510,3.5-40-150,03-01-2025,1
Boston Scientific,Sterling (OTW) PTA Balloon Dilatation Catheter 4F-5F-6F (018),H74939032350610***02-06-2025,H74939032350610,3.5-60-150,02-06-2025,1
Boston Scientific,Sterling (OTW) PTA Balloon Dilatation Catheter 4F-5F-6F (018),H74939032352210***02-16-2025,H74939032352210,3.5-220-150,02-16-2025,1
Boston Scientific,Sterling (OTW) PTA Balloon Dilatation Catheter 4F-5F-6F (018),H74939032408010***02-21-2025,H74939032408010,4-80-135,02-21-2025,1
Boston Scientific,Sterling (OTW) PTA Balloon Dilatation Catheter 4F-5F-6F (018),H74939032401010***09-20-2025,H74939032401010,4-100-135,09-20-2025,1
Boston Scientific,Sterling (OTW) PTA Balloon Dilatation Catheter 4F-5F-6F (018),H74939032402210***03-07-2025,H74939032402210,4-220-150,03-07-2025,1
Boston Scientific,Sterling (OTW) PTA Balloon Dilatation Catheter 4F-5F-6F (018),H74939032504010***03-02-2025,H74939032504010,5-40-135,03-02-2025,1
Boston Scientific,Sterling (OTW) PTA Balloon Dilatation Catheter 4F-5F-6F (018),H74939032506010***02-28-2025,H74939032506010,5-60-135,02-28-2025,1
Boston Scientific,Sterling (OTW) PTA Balloon Dilatation Catheter 4F-5F-6F (018),H74939032508010***03-06-2025,H74939032508010,5-80-135,03-06-2025,1
Boston Scientific,Sterling (OTW) PTA Balloon Dilatation Catheter 4F-5F-6F (018),H74939032501510***03-01-2025,H74939032501510,5-150-150,03-01-2025,1
Boston Scientific,Sterling (OTW) PTA Balloon Dilatation Catheter 4F-5F-6F (018),H74939032502110***03-03-2025,H74939032502110,5-200-150,03-03-2025,1
Boston Scientific,Sterling (OTW) PTA Balloon Dilatation Catheter 4F-5F-6F (018),H74939032604010***03-02-2025,H74939032604010,6-40-135,03-02-2025,1
Boston Scientific,Sterling (OTW) PTA Balloon Dilatation Catheter 4F-5F-6F (018),H74939032606010***03-08-2025,H74939032606010,6-60-135,03-08-2025,1
Boston Scientific,Sterling (OTW) PTA Balloon Dilatation Catheter 4F-5F-6F (018),H74939032608010***03-01-2025,H74939032608010,6-80-135,03-01-2025,1
Boston Scientific,Sterling (OTW) PTA Balloon Dilatation Catheter 4F-5F-6F (018),H74939032601010***03-03-2025,H74939032601010,6-100-135,03-03-2025,1
Boston Scientific,Sterling (OTW) PTA Balloon Dilatation Catheter 4F-5F-6F (018),H74939032601510***03-06-2025,H74939032601510,6-150-150,03-06-2025,1
Boston Scientific,Sterling (OTW) PTA Balloon Dilatation Catheter 4F-5F-6F (018),H74939032602110***03-10-2025,H74939032602110,6-200-150,03-10-2025,1
Boston Scientific,Sterling (OTW) PTA Balloon Dilatation Catheter 4F-5F-6F (018),H74939032704010***03-08-2025,H74939032704010,7-40-135,03-08-2025,1
Boston Scientific,Sterling (OTW) PTA Balloon Dilatation Catheter 4F-5F-6F (018),H74939032706010***03-02-2025,H74939032706010,7-60-135,03-02-2025,1
Boston Scientific,Sterling (OTW) PTA Balloon Dilatation Catheter 4F-5F-6F (018),H74939032708010***03-06-2025,H74939032708010,7-80-135,03-06-2025,1
Boston Scientific,Sterling (OTW) PTA Balloon Dilatation Catheter 4F-5F-6F (018),H74939032701010***03-02-2025,H74939032701010,7-100-135,03-02-2025,1
Boston Scientific,Sterling (OTW) PTA Balloon Dilatation Catheter 4F-5F-6F (018),H74939032701510***03-14-2025,H74939032701510,7-150-150,03-14-2025,1
Boston Scientific,Sterling (OTW) PTA Balloon Dilatation Catheter 4F-5F-6F (018),H74939032702110***03-09-2025,H74939032702110,7-200-150,03-09-2025,1
Boston Scientific,Express SD Renal/Biliary (Monorail) Premounted Stent System 5F (018),H74937911415150***10-11-2025,H74937911415150,4-15-150,10-11-2025,1
Boston Scientific,Express SD Renal/Biliary (Monorail) Premounted Stent System 5F (018),H74937911515150***01-17-2025,H74937911515150,5-15-150,01-17-2025,1
Boston Scientific,Express SD Renal/Biliary (Monorail) Premounted Stent System 5F (018),H74937912519150***01-18-2025,H74937912519150,5-19-150,01-18-2025,1
Boston Scientific,Express SD Renal/Biliary (Monorail) Premounted Stent System 5F (018),H74937911614150***12-26-2024,H74937911614150,6-14-150,12-26-2024,1
Boston Scientific,Express SD Renal/Biliary (Monorail) Premounted Stent System 5F (018),H74937912618150***12-26-2024,H74937912618150,6-18-150,12-26-2024,1
Boston Scientific,Express LD Iliac/Biliary (OTW) Premounted Stent System 6F-7F (035) ,H74938046740750***10-21-2024,H74938046740750,7-37-75,10-21-2024,2
Boston Scientific,Express LD Iliac/Biliary (OTW) Premounted Stent System 6F-7F (035) ,H74938046760750***10-27-2024,H74938046760750,7-57-75,10-27-2024,2
Boston Scientific,Express LD Iliac/Biliary (OTW) Premounted Stent System 6F-7F (035) ,H74938046840750***10-27-2024,H74938046840750,8-37-75,10-27-2024,2
Boston Scientific,Express LD Iliac/Biliary (OTW) Premounted Stent System 6F-7F (035) ,H74938046860750***10-04-2024,H74938046860750,8-57-75,10-04-2024,2
Boston Scientific,Express LD Iliac/Biliary (OTW) Premounted Stent System 6F-7F (035) ,H74938046940750***11-07-2024,H74938046940750,9-37-75,11-07-2024,2
Boston Scientific,Express LD Iliac/Biliary (OTW) Premounted Stent System 6F-7F (035) ,H74938046960750***11-08-2024,H74938046960750,9-57-75,11-08-2024,2
Boston Scientific,Innova Vascular (OTW) Self-Expanding Stent System (035),H74939293058030***11-01-2026,H74939293058030,5-80-130,11-01-2026,1
Boston Scientific,Innova Vascular (OTW) Self-Expanding Stent System (035),H74939293051030***12-19-2026,H74939293051030,5-100-130,12-19-2026,1
Boston Scientific,Innova Vascular (OTW) Self-Expanding Stent System (035),H74939293051230***12-05-2026,H74939293051230,5-120-130,12-05-2026,1
Boston Scientific,Innova Vascular (OTW) Self-Expanding Stent System (035),H74939293051530***01-23-2027,H74939293051530,5-150-130,01-23-2027,1
Boston Scientific,Innova Vascular (OTW) Self-Expanding Stent System (035),H74939293068030***06-01-2027,H74939293068030,6-80-130,06-01-2027,1
Boston Scientific,Innova Vascular (OTW) Self-Expanding Stent System (035),H74939293061030***12-20-2026,H74939293061030,6-100-130,12-20-2026,1
Boston Scientific,Innova Vascular (OTW) Self-Expanding Stent System (035),H74939293061030***05-08-2027,H74939293061030,6-100-130,05-08-2027,1
Boston Scientific,Innova Vascular (OTW) Self-Expanding Stent System (035),H74939293061230***05-02-2027,H74939293061230,6-120-130,05-02-2027,2
Boston Scientific,Innova Vascular (OTW) Self-Expanding Stent System (035),H74939293061230***12-12-2026,H74939293061230,6-120-130,12-12-2026,1
Boston Scientific,Innova Vascular (OTW) Self-Expanding Stent System (035),H74939293061530***01-27-2027,H74939293061530,6-150-130,01-27-2027,1
Boston Scientific,Innova Vascular (OTW) Self-Expanding Stent System (035),H74939293071030***10-26-2024,H74939293071030,7-100-130,10-26-2024,1
Boston Scientific,Innova Vascular (OTW) Self-Expanding Stent System (035),H74939293071530***01-17-2027,H74939293071530,7-150-130,01-17-2027,1
Boston Scientific,Innova Vascular (OTW) Self-Expanding Stent System (035),H74939293080230***10-25-2026,H74939293080230,8-20-130,10-25-2026,1
Boston Scientific,Innova Vascular (OTW) Self-Expanding Stent System (035),H74939293084030***12-02-2026,H74939293084030,8-40-130,12-02-2026,1
Boston Scientific,Innova Vascular (OTW) Self-Expanding Stent System (035),H74939293086030***11-01-2026,H74939293086030,8-60-130,11-01-2026,1
Boston Scientific,Jetstream XC (OTW) Atherectomy Catheter,PV31300***06-18-2024,PV31300,2.1/3.0 - 7F - 135,06-18-2024,4
Boston Scientific,Jetstream XC (OTW) Atherectomy Catheter,PV31300***02-27-2024,PV31300,2.1/3.0 - 7F - 135,02-27-2024,2
Boston Scientific,Jetstream XC (OTW) Atherectomy Catheter,PV31300***01-15-2025,PV31300,2.1/3.0 - 7F - 135,01-15-2025,22
Boston Scientific,Epic Vascular (OTW) Self-Expanding Stent System (035),H74939200094020***11-30-2026,H74939200094020,9-40-120,11-30-2026,1
Boston Scientific,Epic Vascular (OTW) Self-Expanding Stent System (035),H74939200096020***02-03-2027,H74939200096020,9-60-120,02-03-2027,1
Boston Scientific,Epic Vascular (OTW) Self-Expanding Stent System (035),H74939200104020***03-06-2027,H74939200104020,10-40-120,03-06-2027,1
Boston Scientific,Epic Vascular (OTW) Self-Expanding Stent System (035),H74939200106020***07-01-2025,H74939200106020,10-60-120,07-01-2025,1
Boston Scientific,Epic Vascular (OTW) Self-Expanding Stent System (035),H74939200124020***02-07-2027,H74939200124020,12-40-120,02-07-2027,1
Boston Scientific,Epic Vascular (OTW) Self-Expanding Stent System (035),H74939200126020***02-24-2027,H74939200126020,12-60-120,02-24-2027,1
Boston Scientific,OptiCross 18 30MHz Peripheral Imaging Catheter (018),H7493932800180***11-21-2024,H7493932800180,3.6F-135,11-21-2024,34
Boston Scientific,OptiCross 18 30MHz Peripheral Imaging Catheter (018),H7493932800180***12-21-2024,H7493932800180,3.6F-135,12-21-2024,12
Boston Scientific,OptiCross 18 30MHz Peripheral Imaging Catheter (018),H7493932800180***03-03-2025,H7493932800180,3.6F-135,03-03-2025,2
Abbott,Perclose ProGlide Suture-Mediated Closure System,12673-03***12-31-2024,12673-03,6F (2.0 mm),12-31-2024,12
Abbott,Perclose ProGlide Suture-Mediated Closure System,12673-03***12-31-2023,12673-03,6F (2.0 mm),12-31-2023,2
Boston Scientific,OptiCross 35 15MHz (OTW) Peripheral Imaging Catheter,H7493932800350***12-08-2024,H7493932800350,8F-105,12-08-2024,1
Abbott,StarClose SE Vascular Closure System,14679-01***10-01-2024,14679-01,6F (2.0 mm),10-01-2024,10
Abbott,StarClose SE Vascular Closure System,14679-01***01-01-2024,14679-01,6F (2.0 mm),01-01-2024,2
Abbott,StarClose SE Vascular Closure System,14679-01***02-01-2024,14679-01,6F (2.0 mm),02-01-2024,2
Boston Scientific,AngioJet Solent Dista (OTW) Thrombectomy Set,111303-001***02-07-2024,111303-001,145-4F,02-07-2024,1
Boston Scientific,AngioJet Solent Dista (OTW) Thrombectomy Set,111303-001***01-29-2024,111303-001,145-4F,01-29-2024,1
Boston Scientific,AngioJet Solent Omni (OTW) Thrombectomy Set,109681-001***01-11-2024,109681-001,120-6F,01-11-2024,1
Boston Scientific,AngioJet Solent Omni (OTW) Thrombectomy Set,109681-001***03-20-2024,109681-001,120-6F,03-20-2024,1
Boston Scientific,AngioJet AVX (OTW) Thrombectomy Set,105039-001***09-16-2024,105039-001,50-6F,09-16-2024,5
ev3,Protege GPS (OTW) Self-Expanding Nitinol Stent System,SERB65-09-40-120***02-13-2025,SERB65-09-40-120,9-40-120-0.035-6F,02-13-2025,1
ev3,Protege GPS (OTW) Self-Expanding Nitinol Stent System,SERB65-09-40-120***08-29-2025,SERB65-09-40-120,9-40-120-0.035-6F,08-29-2025,1
ev3,Protege GPS (OTW) Self-Expanding Nitinol Stent System,SERB65-09-60-120***02-07-2025,SERB65-09-60-120,9-60-120-0.035-6F,02-07-2025,2
ev3,Protege GPS (OTW) Self-Expanding Nitinol Stent System,SERB65-09-80-120***02-02-2025,SERB65-09-80-120,9-80-120-0.035-6F,02-02-2025,2
ev3,Protege GPS (OTW) Self-Expanding Nitinol Stent System,SERB65-10-40-120***02-11-2025,SERB65-10-40-120,10-40-120-0.035-6F,02-11-2025,2
ev3,Protege GPS (OTW) Self-Expanding Nitinol Stent System,SERB65-10-60-120***03-15-2025,SERB65-10-60-120,10-60-120-0.035-6F,03-15-2025,2
ev3,Protege GPS (OTW) Self-Expanding Nitinol Stent System,SERB65-10-80-120***02-20-2025,SERB65-10-80-120,10-80-120-0.035-6F,02-20-2025,2
ev3,EverFlex Self-Expanding Peripheral Stent System + Protege EverFlex Self-Expanding Biliary Stent System (OTW),PRB35-06-060-120***08-16-2025,PRB35-06-060-120,6-60-120-0.035-6F,08-16-2025,1
ev3,EverFlex Self-Expanding Peripheral Stent System + Protege EverFlex Self-Expanding Biliary Stent System (OTW),PRB35-06-060-120***02-15-2025,PRB35-06-060-120,6-60-120-0.035-6F,02-15-2025,1
ev3,EverFlex Self-Expanding Peripheral Stent System + Protege EverFlex Self-Expanding Biliary Stent System (OTW),PRB35-06-080-120***02-10-2025,PRB35-06-080-120,6-80-120-0.035-6F,02-10-2025,1
ev3,EverFlex Self-Expanding Peripheral Stent System + Protege EverFlex Self-Expanding Biliary Stent System (OTW),PRB35-06-100-120***10-13-2025,PRB35-06-100-120,6-100-120-0.035-6F,10-13-2025,1
ev3,EverFlex Self-Expanding Peripheral Stent System + Protege EverFlex Self-Expanding Biliary Stent System (OTW),PRB35-06-120-120***02-17-2025,PRB35-06-120-120,6-120-120-0.035-6F,02-17-2025,1
ev3,EverFlex Self-Expanding Peripheral Stent System + Protege EverFlex Self-Expanding Biliary Stent System (OTW),PRB35-06-150-120***03-08-2025,PRB35-06-150-120,6-150-120-0.035-6F,03-08-2025,1
ev3,EverFlex Self-Expanding Peripheral Stent System + Protege EverFlex Self-Expanding Biliary Stent System (OTW),PRB35-07-040-120***02-15-2025,PRB35-07-040-120,7-40-120-0.035-6F,02-15-2025,2
ev3,EverFlex Self-Expanding Peripheral Stent System + Protege EverFlex Self-Expanding Biliary Stent System (OTW),PRB35-07-060-120***10-04-2025,PRB35-07-060-120,7-60-120-0.035-6F,10-04-2025,1
ev3,EverFlex Self-Expanding Peripheral Stent System + Protege EverFlex Self-Expanding Biliary Stent System (OTW),PRB35-07-060-120***01-21-2025,PRB35-07-060-120,7-60-120-0.035-6F,01-21-2025,1
ev3,EverFlex Self-Expanding Peripheral Stent System + Protege EverFlex Self-Expanding Biliary Stent System (OTW),PRB35-07-080-120***07-27-2024,PRB35-07-080-120,7-80-120-0.035-6F,07-27-2024,1
ev3,EverFlex Self-Expanding Peripheral Stent System + Protege EverFlex Self-Expanding Biliary Stent System (OTW),PRB35-07-080-120***09-15-2024,PRB35-07-080-120,7-80-120-0.035-6F,09-15-2024,1
ev3,EverFlex Self-Expanding Peripheral Stent System + Protege EverFlex Self-Expanding Biliary Stent System (OTW),PRB35-07-100-120***01-11-2025,PRB35-07-100-120,7-100-120-0.035-6F,01-11-2025,1
ev3,EverFlex Self-Expanding Peripheral Stent System + Protege EverFlex Self-Expanding Biliary Stent System (OTW),PRB35-07-120-120***02-16-2025,PRB35-07-120-120,7-120-120-0.035-6F,02-16-2025,1
ev3,EverFlex Self-Expanding Peripheral Stent System + Protege EverFlex Self-Expanding Biliary Stent System (OTW),PRB35-07-150-120***03-02-2025,PRB35-07-150-120,7-150-120-0.035-6F,03-02-2025,1
ev3,EverFlex Self-Expanding Peripheral Stent System + Protege EverFlex Self-Expanding Biliary Stent System (OTW),PRB35-08-040-120***02-16-2025,PRB35-08-040-120,8-40-120-0.035-6F,02-16-2025,2
ev3,EverFlex Self-Expanding Peripheral Stent System + Protege EverFlex Self-Expanding Biliary Stent System (OTW),PRB35-08-060-120***01-23-2025,PRB35-08-060-120,8-60-120-0.035-6F,01-23-2025,2
ev3,EverFlex Self-Expanding Peripheral Stent System + Protege EverFlex Self-Expanding Biliary Stent System (OTW),PRB35-08-080-120***02-17-2025,PRB35-08-080-120,8-80-120-0.035-6F,02-17-2025,2
ev3,EverFlex Self-Expanding Peripheral Stent System + Protege EverFlex Self-Expanding Biliary Stent System (OTW),PRB35-08-100-120***03-08-2025,PRB35-08-100-120,8-100-120-0.035-6F,03-08-2025,2
ev3,EverFlex Self-Expanding Peripheral Stent System + Protege EverFlex Self-Expanding Biliary Stent System (OTW),PRB35-08-100-120***02-06-2025,PRB35-08-100-120,8-100-120-0.035-6F,02-06-2025,1
Medtronic,TurboHawk Plus Directional Atherectomy System (M = Multi-vessel) Made for use with Ref# FG02550,THP-M***08-15-2025,THP-M,6Fr-0.014-5.9,08-15-2025,2
Medtronic,TurboHawk Plus Directional Atherectomy System (M = Multi-vessel) Made for use with Ref# FG02550,THP-M***01-13-2025,THP-M,6Fr-0.014-5.9,01-13-2025,1
Medtronic,TurboHawk Plus Directional Atherectomy System (M = Multi-vessel) Made for use with Ref# FG02550,THP-M***08-24-2025,THP-M,6Fr-0.014-5.9,08-24-2025,1
Medtronic,Cutter Driver,FG02550***08-24-2025,FG02550,-,08-24-2025,2
Medtronic,Cutter Driver,FG02550***07-19-2025,FG02550,-,07-19-2025,2
Medtronic,Cutter Driver,FG02550***02-02-2025,FG02550,-,02-02-2025,1
COOK Medical,Sphere Inflation Device,CID-20-30-NG***12-31-2024,CID-20-30-NG,-,12-31-2024,2
COOK Medical,Sphere Inflation Device,CID-20-30-NG***11-30-2025,CID-20-30-NG,-,11-30-2025,10
Boston Scientific,MDU5 PLUS Sterile Bag,H749MDU5PLUSBAG0***01-01-2025,H749MDU5PLUSBAG0,-,01-01-2025,2
Boston Scientific,MDU5 PLUS Sterile Bag,H749MDU5PLUSBAG0***05-01-2024,H749MDU5PLUSBAG0,-,05-01-2024,1
Boston Scientific,Peripheral RotaLink Plus Pre-Connected Exchangeable Burr Catheter and Burr Advancing Device,M0011401500***01-15-2025,M0011401500,1.50 mm,01-15-2025,10
COOK Medical,Beacon Tip - Torcon NB Advantage Catheter (VS1),HNBR5.0-38-80-P-NS-VS1***04-26-2024,HNBR5.0-38-80-P-NS-VS1,5.0Fr-0.038-80,04-26-2024,4
COOK Medical,Beacon Tip - Torcon NB Advantage Catheter (VS1),HNBR5.0-35-125-P-NS-VS1***08-26-2023,HNBR5.0-35-125-P-NS-VS1,5.0Fr-0.035-125,08-26-2023,5
COOK Medical,Beacon Tip - Torcon NB Advantage Catheter (RIM),HNBR5.0-35-65-P-NS-RIM***04-10-2024,HNBR5.0-35-65-P-NS-RIM,5.0Fr-0.035-65,04-10-2024,9
COOK Medical,Beacon Tip - Torcon NB Advantage Catheter (KMP),HNBR5.0-35-65-P-NS-KMP***12-01-2023,HNBR5.0-35-65-P-NS-KMP,5.0Fr-0.035-65,12-01-2023,2
COOK Medical,Beacon Tip - Torcon NB Advantage Catheter (KMP),HNBR5.0-38-100-P-NS-KMP***04-08-2024,HNBR5.0-38-100-P-NS-KMP,5.0Fr-0.038-100,04-08-2024,10
COOK Medical,Beacon Tip - Torcon NB Advantage Catheter (KMP),HNBR5.0-38-100-P-NS-KMP***04-07-2024,HNBR5.0-38-100-P-NS-KMP,5.0Fr-0.038-100,04-07-2024,1
COOK Medical,Beacon Tip - Torcon NB Advantage Catheter (C2),HNBR5.0-35-100-P-NS-C2***03-28-2024,HNBR5.0-35-100-P-NS-C2,5.0Fr-0.035-100,03-28-2024,5
COOK Medical,Beacon Tip - Torcon NB Advantage Catheter (MIK),HNBR5.0-38-80-P-NS-MIK***03-09-2024,HNBR5.0-38-80-P-NS-MIK,5.0Fr-0.038-80,03-09-2024,1
COOK Medical,Beacon Tip - Torcon NB Advantage Catheter (DAV),HNBR5.0-38-100-P-NS-DAV***03-09-2024,HNBR5.0-38-100-P-NS-DAV,5.0Fr-0.038-100,03-09-2024,1
COOK Medical,Beacon Tip - Torcon NB Advantage Catheter (DAV),HNBR5.0-35-125-P-NS-DAV***04-07-2024,HNBR5.0-35-125-P-NS-DAV,5.0Fr-0.035-125,04-07-2024,5
COOK Medical,Beacon Tip - Torcon NB Advantage Catheter (MPA),HNBR5.0-38-125-P-NS-MPA***10-18-2023,HNBR5.0-38-125-P-NS-MPA,5.0Fr-0.038-125,10-18-2023,1
COOK Medical,Flexor Check-Flo Introducer (Ansel Modification with High-Flex Dilator and Hydrophilic Coating) ,KCFW-5.0-35-55-RB-HFANL0-HC***02-24-2025,KCFW-5.0-35-55-RB-HFANL0-HC,5.0Fr-0.035-55,02-24-2025,4
COOK Medical,Flexor Check-Flo Introducer (Ansel Modification) ,KCFW-5.0-18/38-90-RB-ANL0-HC***07-28-2025,KCFW-5.0-18/38-90-RB-ANL0-HC,5.0Fr-0.018/0.038-90,07-28-2025,2
COOK Medical,Flexor Check-Flo Introducer (Ansel 1 Modification with High-Flex Dilator and Hydrophilic Coating) ,KCFW-6.0-35-55-RB-HFANL1-HC***02-23-2025,KCFW-6.0-35-55-RB-HFANL1-HC,6.0Fr-0.035-55,02-23-2025,5
COOK Medical,Flexor Check-Flo Introducer (Ansel 1 Modification with High-Flex Dilator and Hydrophilic Coating) ,KCFW-6.0-35-70-RB-HFANL1-HC***02-22-2025,KCFW-6.0-35-70-RB-HFANL1-HC,6.0Fr-0.035-70,02-22-2025,15
COOK Medical,Flexor Check-Flo Introducer (Ansel 1 Modification with High-Flex Dilator and Hydrophilic Coating) ,KCFW-7.0-35-55-RB-HFANL1-HC***02-22-2025,KCFW-7.0-35-55-RB-HFANL1-HC,7.0Fr-0.035-55,02-22-2025,4
COOK Medical,Flexor Check-Flo Introducer (Ansel Modification with High-Flex Dilator and Hydrophilic Coating) ,KCFW-8.0-35-55-RB-HFANL0-HC***02-14-2025,KCFW-8.0-35-55-RB-HFANL0-HC,8.0Fr-0.035-55,02-14-2025,5
COOK Medical,Royal Flush Plus High-Flow Catheter (PIG),HN5.0-35-70-P-10S-PIG***05-05-2025,HN5.0-35-70-P-10S-PIG,5.0Fr-0.035-70,05-05-2025,5
COOK Medical,Royal Flush Plus High-Flow Catheter (PIG),HN5.0-35-70-P-10S-PIG***04-28-2025,HN5.0-35-70-P-10S-PIG,5.0Fr-0.035-70,04-28-2025,4
COOK Medical,Micropuncture Introducer Set - (Silhouette Transitionless Push-Plus Design - STIFFENED CANNULA),MPIS-502-10.0-SC-NT-U-SST***09-26-2025,MPIS-502-10.0-SC-NT-U-SST,5.0Fr-7-40-10,09-26-2025,10
COOK Medical,Micropuncture Introducer Set - (Silhouette Transitionless),MPIS-402-NT-U-SST***03-03-2026,MPIS-402-NT-U-SST,4.0Fr-7-40-10,03-03-2026,5
COOK Medical,Rosen Curved Wire Guide,THSCF-35-260-1.5-ROSEN***10-20-2027,THSCF-35-260-1.5-ROSEN,0.035-260-1.5,10-20-2027,3
COOK Medical,Rosen Curved Wire Guide,THSCF-35-260-1.5-ROSEN***03-29-2027,THSCF-35-260-1.5-ROSEN,0.035-260-1.5,03-29-2027,8
Boston Scientific,Venous WALLSTENT (Self-Expanding Stent),H74912044189070***03-22-2025,H74912044189070,18-90-75,03-22-2025,1
Boston Scientific,Venous WALLSTENT (Self-Expanding Stent),H74912044208070***01-25-2025,H74912044208070,20-80-75,01-25-2025,2
Boston Scientific,Super Sheath,15-722B***10-31-2025,15-722B,6Fr,10-31-2025,10
Terumo,Pinnacle Introducer Sheath,RSS401***07-01-2024,RSS401,4Fr,07-01-2024,7
Terumo,Pinnacle Introducer Sheath,RSS501***07-01-2024,RSS501,5Fr,07-01-2024,8
Terumo,Pinnacle Introducer Sheath,RSS601***08-01-2024,RSS601,6Fr,08-01-2024,2
Terumo,Pinnacle Introducer Sheath,RSS701***07-01-2024,RSS701,7Fr,07-01-2024,4
Terumo,Pinnacle Introducer Sheath,RSS801***07-01-2024,RSS801,8Fr,07-01-2024,10
Terumo,Pinnacle Introducer Sheath,RSS101***09-01-2024,RSS101,11Fr,09-01-2024,5
ev3,"Visi-Pro Balloon-Expandable Peripheral Stent System (0.035"" OTW)",PXB35-06-27-135***01-15-2025,PXB35-06-27-135,6-27-135-6F,01-15-2025,2
ev3,"Visi-Pro Balloon-Expandable Peripheral Stent System (0.035"" OTW)",PXB35-06-37-135***12-21-2024,PXB35-06-37-135,6-37-135-6F,12-21-2024,2
ev3,"Visi-Pro Balloon-Expandable Peripheral Stent System (0.035"" OTW)",PXB35-06-57-135***01-26-2025,PXB35-06-57-135,6-57-135-6F,01-26-2025,2
ev3,"Visi-Pro Balloon-Expandable Peripheral Stent System (0.035"" OTW)",PXB35-07-27-135***06-02-2023,PXB35-07-27-135,7-27-135-6F,06-02-2023,1
ev3,"Visi-Pro Balloon-Expandable Peripheral Stent System (0.035"" OTW)",PXB35-07-27-135***12-13-2024,PXB35-07-27-135,7-27-135-6F,12-13-2024,1
ev3,"Visi-Pro Balloon-Expandable Peripheral Stent System (0.035"" OTW)",PXB35-07-37-135***06-02-2023,PXB35-07-37-135,7-37-135-6F,06-02-2023,1
ev3,"Visi-Pro Balloon-Expandable Peripheral Stent System (0.035"" OTW)",PXB35-07-37-135***01-17-2025,PXB35-07-37-135,7-37-135-6F,01-17-2025,1
ev3,"Visi-Pro Balloon-Expandable Peripheral Stent System (0.035"" OTW)",PXB35-07-57-135***06-19-2023,PXB35-07-57-135,7-57-135-6F,06-19-2023,1
ev3,"Visi-Pro Balloon-Expandable Peripheral Stent System (0.035"" OTW)",PXB35-07-57-135***01-03-2025,PXB35-07-57-135,7-57-135-6F,01-03-2025,1
ev3,"Visi-Pro Balloon-Expandable Peripheral Stent System (0.035"" OTW)",PXB35-08-27-135***01-28-2025,PXB35-08-27-135,8-27-135-6F,01-28-2025,2
ev3,"Visi-Pro Balloon-Expandable Peripheral Stent System (0.035"" OTW)",PXB35-08-37-135***02-11-2025,PXB35-08-37-135,8-37-135-6F,02-11-2025,2
ev3,"Visi-Pro Balloon-Expandable Peripheral Stent System (0.035"" OTW)",PXB35-08-57-135***05-22-2023,PXB35-08-57-135,8-57-135-6F,05-22-2023,2
ev3,"Visi-Pro Balloon-Expandable Peripheral Stent System (0.035"" OTW)",PXB35-09-37-080***01-13-2025,PXB35-09-37-080,9-37-80-7F,01-13-2025,2
ev3,"Visi-Pro Balloon-Expandable Peripheral Stent System (0.035"" OTW)",PXB35-09-57-080***10-12-2024,PXB35-09-57-080,9-57-80-7F,10-12-2024,2
ev3,"Visi-Pro Balloon-Expandable Peripheral Stent System (0.035"" OTW)",PXB35-10-37-080***12-12-2024,PXB35-10-37-080,10-37-80-7F,12-12-2024,2
ev3,"Visi-Pro Balloon-Expandable Peripheral Stent System (0.035"" OTW)",PXB35-10-57-080***10-11-2024,PXB35-10-57-080,10-57-80-7F,10-11-2024,2
ev3,EverCross 0.035 OTW PTA Dilatation Catheter,AB35W03040135***02-24-2025,AB35W03040135,3-40-135-5F,02-24-2025,1
ev3,EverCross 0.035 OTW PTA Dilatation Catheter,AB35W03060135***03-10-2025,AB35W03060135,3-60-135-5F,03-10-2025,1
ev3,EverCross 0.035 OTW PTA Dilatation Catheter,AB35W03080135***11-19-2024,AB35W03080135,3-80-135-5F,11-19-2024,1
ev3,EverCross 0.035 OTW PTA Dilatation Catheter,AB35W03100135***03-07-2025,AB35W03100135,3-100-135-5F,03-07-2025,1
ev3,EverCross 0.035 OTW PTA Dilatation Catheter,AB35W03120135***03-17-2025,AB35W03120135,3-120-135-5F,03-17-2025,1
ev3,EverCross 0.035 OTW PTA Dilatation Catheter,AB35W03150135***02-18-2025,AB35W03150135,3-150-135-5F,02-18-2025,1
ev3,EverCross 0.035 OTW PTA Dilatation Catheter,AB35W03200135***03-02-2025,AB35W03200135,3-200-135-5F,03-02-2025,1
ev3,EverCross 0.035 OTW PTA Dilatation Catheter,AB35W04040135***03-17-2025,AB35W04040135,4-40-135-5F,03-17-2025,1
ev3,EverCross 0.035 OTW PTA Dilatation Catheter,AB35W04060135***03-16-2025,AB35W04060135,4-60-135-5F,03-16-2025,1
ev3,EverCross 0.035 OTW PTA Dilatation Catheter,AB35W04080080***11-16-2025,AB35W04080080,4-80-80-5F,11-16-2025,1
ev3,EverCross 0.035 OTW PTA Dilatation Catheter,AB35W04080135***03-17-2025,AB35W04080135,4-80-135-5F,03-17-2025,1
ev3,EverCross 0.035 OTW PTA Dilatation Catheter,AB35W04120135***02-03-2024,AB35W04120135,4-120-135-5F,02-03-2024,1
ev3,EverCross 0.035 OTW PTA Dilatation Catheter,AB35W04150135***03-07-2025,AB35W04150135,4-150-135-5F,03-07-2025,1
ev3,EverCross 0.035 OTW PTA Dilatation Catheter,AB35W04200135***03-20-2025,AB35W04200135,4-200-135-5F,03-20-2025,1
ev3,EverCross 0.035 OTW PTA Dilatation Catheter,AB35W05060135***11-15-2025,AB35W05060135,5-60-135-5F,11-15-2025,1
ev3,EverCross 0.035 OTW PTA Dilatation Catheter,AB35W05060135***10-03-2025,AB35W05060135,5-60-135-5F,10-03-2025,1
ev3,EverCross 0.035 OTW PTA Dilatation Catheter,AB35W05100135***04-12-2025,AB35W05100135,5-100-135-5F,04-12-2025,1
ev3,EverCross 0.035 OTW PTA Dilatation Catheter,AB35W05100135***11-08-2025,AB35W05100135,5-100-135-5F,11-08-2025,1
ev3,EverCross 0.035 OTW PTA Dilatation Catheter,AB35W05120135***03-21-2025,AB35W05120135,5-120-135-5F,03-21-2025,1
ev3,EverCross 0.035 OTW PTA Dilatation Catheter,AB35W06040135***05-04-2025,AB35W06040135,6-40-135-5F,05-04-2025,1
ev3,EverCross 0.035 OTW PTA Dilatation Catheter,AB35W06060135***04-25-2025,AB35W06060135,6-60-135-5F,04-25-2025,1
ev3,EverCross 0.035 OTW PTA Dilatation Catheter,AB35W06080135***04-08-2025,AB35W06080135,6-80-135-5F,04-08-2025,1
ev3,EverCross 0.035 OTW PTA Dilatation Catheter,AB35W06120135***03-15-2025,AB35W06120135,6-120-135-5F,03-15-2025,1
ev3,EverCross 0.035 OTW PTA Dilatation Catheter,AB35W06150135***04-22-2025,AB35W06150135,6-150-135-5F,04-22-2025,1
ev3,EverCross 0.035 OTW PTA Dilatation Catheter,AB35W06150135***03-21-2025,AB35W06150135,6-150-135-5F,03-21-2025,1
ev3,EverCross 0.035 OTW PTA Dilatation Catheter,AB35W07040135***04-08-2025,AB35W07040135,7-40-135-5F,04-08-2025,1
ev3,EverCross 0.035 OTW PTA Dilatation Catheter,AB35W07060135***02-15-2025,AB35W07060135,7-60-135-6F,02-15-2025,1
ev3,EverCross 0.035 OTW PTA Dilatation Catheter,AB35W07080135***03-08-2025,AB35W07080135,7-80-135-6F,03-08-2025,1
ev3,EverCross 0.035 OTW PTA Dilatation Catheter,AB35W07100135***02-28-2025,AB35W07100135,7-100-135-6F,02-28-2025,1
ev3,EverCross 0.035 OTW PTA Dilatation Catheter,AB35W07120135***03-10-2025,AB35W07120135,7-120-135-6F,03-10-2025,1
ev3,EverCross 0.035 OTW PTA Dilatation Catheter,AB35W07150135***03-29-2025,AB35W07150135,7-150-135-6F,03-29-2025,1
ev3,EverCross 0.035 OTW PTA Dilatation Catheter,AB35W07150135***02-18-2025,AB35W07150135,7-150-135-6F,02-18-2025,1
ev3,EverCross 0.035 OTW PTA Dilatation Catheter,AB35W07200135***02-04-2025,AB35W07200135,7-200-135-6F,02-04-2025,1
ev3,EverCross 0.035 OTW PTA Dilatation Catheter,AB35W08040135***02-21-2025,AB35W08040135,8-40-135-6F,02-21-2025,1
ev3,EverCross 0.035 OTW PTA Dilatation Catheter,AB35W08060135***01-30-2025,AB35W08060135, 8-60-135-6F,01-30-2025,1
ev3,EverCross 0.035 OTW PTA Dilatation Catheter,AB35W09040135***02-02-2025,AB35W09040135, 9-40-135-6F,02-02-2025,1
ev3,EverCross 0.035 OTW PTA Dilatation Catheter,AB35W09060135***10-10-2024,AB35W09060135, 9-60-135-6F,10-10-2024,1
ev3,RapidCross PTA Rapid Exchange Balloon Dilatation Catheter,A14BX025020170***01-27-2025,A14BX025020170, 2.5-20-170-4F,01-27-2025,1
ev3,RapidCross PTA Rapid Exchange Balloon Dilatation Catheter,A14BX025040170***03-13-2025,A14BX025040170, 2.5-40-170-4F,03-13-2025,1
ev3,RapidCross PTA Rapid Exchange Balloon Dilatation Catheter,A14BX025060170***01-11-2025,A14BX025060170, 2.5-60-170-4F,01-11-2025,1
ev3,RapidCross PTA Rapid Exchange Balloon Dilatation Catheter,A14BX025080170***01-31-2025,A14BX025080170, 2.5-80-170-4F,01-31-2025,1
ev3,RapidCross PTA Rapid Exchange Balloon Dilatation Catheter,A14BX025100170***03-27-2025,A14BX025100170, 2.5-100-170-4F,03-27-2025,1
ev3,RapidCross PTA Rapid Exchange Balloon Dilatation Catheter,A14BX025120170***03-13-2025,A14BX025120170, 2.5-120-170-4F,03-13-2025,1
ev3,RapidCross PTA Rapid Exchange Balloon Dilatation Catheter,A14BX025150170***03-17-2025,A14BX025150170, 2.5-150-170-4F,03-17-2025,1
ev3,RapidCross PTA Rapid Exchange Balloon Dilatation Catheter,A14BX025210170***03-08-2025,A14BX025210170,(2.5-2.0)-210-170-4F,03-08-2025,1
ev3,RapidCross PTA Rapid Exchange Balloon Dilatation Catheter,A14BX030020170***04-17-2025,A14BX030020170, 3-20-170-4F,04-17-2025,1
ev3,RapidCross PTA Rapid Exchange Balloon Dilatation Catheter, A14BX030060170***03-27-2025, A14BX030060170, 3-60-170-4F,03-27-2025,1
ev3,RapidCross PTA Rapid Exchange Balloon Dilatation Catheter,A14BX030080170***07-19-2025,A14BX030080170, 3-80-170-4F,07-19-2025,1
ev3,RapidCross PTA Rapid Exchange Balloon Dilatation Catheter,A14BX030100170***03-06-2025,A14BX030100170, 3-100-170-4F,03-06-2025,1
ev3,RapidCross PTA Rapid Exchange Balloon Dilatation Catheter,A14BX030120170***03-03-2025,A14BX030120170, 3-120-170-4F,03-03-2025,1
ev3,RapidCross PTA Rapid Exchange Balloon Dilatation Catheter,A14BX030150170***03-07-2025,A14BX030150170, 3-150-170-4F,03-07-2025,1
ev3,RapidCross PTA Rapid Exchange Balloon Dilatation Catheter, A14BX030210170***03-16-2025, A14BX030210170, (3.0-2.5)-210-170-4F,03-16-2025,1
ev3,RapidCross PTA Rapid Exchange Balloon Dilatation Catheter, A14BX035020170***04-27-2025, A14BX035020170, 3.5-20-170-4F,04-27-2025,1
ev3,RapidCross PTA Rapid Exchange Balloon Dilatation Catheter,A14BX035040170***02-01-2025,A14BX035040170, 3.5-40-170-4F,02-01-2025,1
ev3,RapidCross PTA Rapid Exchange Balloon Dilatation Catheter,A14BX035060170***06-26-2024,A14BX035060170, 3.5-60-170-4F,06-26-2024,1
ev3,RapidCross PTA Rapid Exchange Balloon Dilatation Catheter,A14BX035080170***07-21-2024,A14BX035080170, 3.5-80-170-4F,07-21-2024,1
ev3,RapidCross PTA Rapid Exchange Balloon Dilatation Catheter,A14BX035100170***08-12-2024,A14BX035100170, 3.5-100-170-4F,08-12-2024,1
ev3,RapidCross PTA Rapid Exchange Balloon Dilatation Catheter, A14BX035120170***03-20-2025, A14BX035120170, 3.5-120-170-4F,03-20-2025,1
ev3,RapidCross PTA Rapid Exchange Balloon Dilatation Catheter,A14BX035150170***04-03-2025,A14BX035150170, 3.5-150-170-4F,04-03-2025,1
ev3,RapidCross PTA Rapid Exchange Balloon Dilatation Catheter,A14BX035210170***04-17-2025,A14BX035210170, (3.5-3.0)-210-170-4F,04-17-2025,1
ev3,RapidCross PTA Rapid Exchange Balloon Dilatation Catheter,A14BX040020170***08-24-2023,A14BX040020170, 4-20-170-4F,08-24-2023,1
ev3,RapidCross PTA Rapid Exchange Balloon Dilatation Catheter,A14BX040040170***03-08-2025,A14BX040040170, 4-40-170-4F,03-08-2025,1
ev3,RapidCross PTA Rapid Exchange Balloon Dilatation Catheter,A14BX040060170***07-24-2025,A14BX040060170, 4-60-170-4F,07-24-2025,1
ev3,RapidCross PTA Rapid Exchange Balloon Dilatation Catheter,A14BX040080170***10-12-2025,A14BX040080170, 4-80-170-4F,10-12-2025,1
ev3,RapidCross PTA Rapid Exchange Balloon Dilatation Catheter,A14BX040100170***03-06-2025,A14BX040100170,4-100-170-4F,03-06-2025,1
COOK Medical,Roadrunner Extra Support Wire Guide,RSTF-14-180***08-29-2027,RSTF-14-180,0.014-180,08-29-2027,5
COOK Medical,Roadrunner Extra Support Wire Guide,RSTF-14-300***02-16-2027,RSTF-14-300,0.014-300,02-16-2027,1
COOK Medical,Roadrunner Extra Support Wire Guide,RSTF-14-300***04-19-2027,RSTF-14-300,0.014-300,04-19-2027,2
COOK Medical,Roadrunner Extra Support Wire Guide,RSTF-14-300***04-29-2027,RSTF-14-300,0.014-300,04-29-2027,6
COOK Medical,Roadrunner Extra Support Wire Guide,RSTF-18-300***05-01-2027,RSTF-18-300,0.018-300,05-01-2027,4
COOK Medical ,CXI Support Catheter,CXI-2.3-14-150-0***02-26-2024,CXI-2.3-14-150-0,2.3Fr-0.014-150,02-26-2024,1
COOK Medical ,CXI Support Catheter,CXI-2.3-14-150-0***04-29-2024,CXI-2.3-14-150-0,2.3Fr-0.014-150,04-29-2024,1
COOK Medical ,CXI Support Catheter,CXI-4.0-35-135-P-NS-0***01-20-2025,CXI-4.0-35-135-P-NS-0, 4.0Fr-0.035-135,01-20-2025,1
COOK Medical ,CXI Support Catheter,CXI-4.0-35-135-P-NS-0***03-17-2025,CXI-4.0-35-135-P-NS-0, 4.0Fr-0.035-135,03-17-2025,1
COOK Medical,Roadrunner UniGlide Hydrophilic Wire Guide (Stiff Shaft),HPWAS-35-260***06-25-2024,HPWAS-35-260, 0.035-260,06-25-2024,1
COOK Medical,Roadrunner UniGlide Hydrophilic Wire Guide (Stiff Shaft),HPWAS-35-260***05-02-2025,HPWAS-35-260, 0.035-260,05-02-2025,10
COOK Medical,Roadrunner UniGlide Hydrophilic Wire Guide (Standard Shaft),HPWA-35-260***01-11-2025,HPWA-35-260, 0.035-260,01-11-2025,10
COOK Medical,Roadrunner UniGlide Hydrophilic Wire Guide (Standard Shaft),HPWA-35-180***03-10-2026,HPWA-35-180, 0.035-180,03-10-2026,9
COOK Medical,Roadrunner UniGlide Hydrophilic Wire Guide (Standard Shaft),HPWA-18-260***04-12-2025,HPWA-18-260, 0.018-260,04-12-2025,1
COOK Medical,HiWire Hydrophilic Wire Guide (Straight Stiff Shaft),HWS-35-150***12-05-2024,HWS-35-150, 0.035-150-3,12-05-2024,1
COOK Medical,Approach CTO-25 Micro Wire Guide,CMW-14-300-25G***04-03-2024,CMW-14-300-25G,0.014-300-25G,04-03-2024,1
COOK Medical,Approach CTO-12 Micro Wire Guide,CMW-14-300-12G***11-13-2024,CMW-14-300-12G, 0.014-300-12G,11-13-2024,1
COOK Medical,CheckFlo Homeostasis Assembly,CFM-100***02-10-2025,CFM-100,9Fr,02-10-2025,9
COOK Medical,Plastic 3-Way Stopcock,PTWS-2FLL-MLL-R***03-15-2027,PTWS-2FLL-MLL-R,-,03-15-2027,8
COOK Medical,Tuohy-Borst Side-Arm Adapter,PTBYC-RA***02-13-2028,PTBYC-RA,"≤.118 , ≤300 PSI",02-13-2028,10
COOK Medical,"Olcott Torque Device (Accepts 0.014"" - 0.045"" Diameter Wire Guide)",OTD-100***03-01-2027,OTD-100,-,03-01-2027,10
COULMED (COVEX),Half-Bag C-Arm Cover,DI-5514***12-31-2026,DI-5514,36-80,12-31-2026,10
Medtronic,Superficial Venous Procedure Pack,CFP***01-31-2025,CFP,-,01-31-2025,23
Medtronic,Superficial Venous Procedure Pack,CFP***10-31-2025,CFP,-,10-31-2025,3
Medtronic,ClosureFast Endovenous Radiofrequency Ablation (RFA) Catheter,CF7-3-60***10-31-2024,CF7-3-60,"7Fr, 3-60",10-31-2024,5
Medtronic,ClosureFast Endovenous Radiofrequency Ablation (RFA) Catheter,CF7-7-60***10-31-2024,CF7-7-60,"7Fr, 7-60",10-31-2024,10
Medtronic,ClosureFast Endovenous Radiofrequency Ablation (RFA) Catheter,CF7-7-100***10-31-2024,CF7-7-100,"7Fr, 7-100",10-31-2024,10
COVIDIEN,ClosureFast Micro Introducer Sheath Set,MIS-7F07***11-16-2027,MIS-7F07,7Fr-7,11-16-2027,15
COVIDIEN,ClosureFast Micro Introducer Sheath Set,MIS-7F07***11-23-2027,MIS-7F07,7Fr-7,11-23-2027,10
COVIDIEN,ClosureFast Micro Introducer Sheath Set,MIS-7F07***02-07-2028,MIS-7F07,7Fr-7,02-27-2028,1
Medtronic,VenaSeal Closure System,VS-404***12-31-2024,VS-404,-,12-31-2024,1
